{
  "analytic_P_goal_start_red": 0.30724810832337707,
  "empirical_P_goal_start_red": 0.21855,
  "trials": 20000
}